{"initial_reset_timestamp": 1737303374.9295013, "timestamps": [1737303401.4283617], "episode_lengths": [8019], "episode_rewards": [-102.0], "episode_types": ["t"]}