{"initial_reset_timestamp": 1737302972.072003, "timestamps": [1737302998.9676178], "episode_lengths": [8019], "episode_rewards": [-237.0], "episode_types": ["t"]}