{"initial_reset_timestamp": 1737303630.707492, "timestamps": [1737303656.1561306], "episode_lengths": [8019], "episode_rewards": [267.0], "episode_types": ["t"]}