{"initial_reset_timestamp": 1737303068.1448383, "timestamps": [1737303094.4940422], "episode_lengths": [8019], "episode_rewards": [139.0], "episode_types": ["t"]}