{"initial_reset_timestamp": 1737305377.2180748, "timestamps": [1737305403.7021985], "episode_lengths": [8019], "episode_rewards": [-415.0], "episode_types": ["t"]}