{"initial_reset_timestamp": 1737303823.5444143, "timestamps": [1737303851.4370584], "episode_lengths": [8019], "episode_rewards": [-21.0], "episode_types": ["t"]}