{"initial_reset_timestamp": 1737305126.663444, "timestamps": [1737305131.389179], "episode_lengths": [1290], "episode_rewards": [185.0], "episode_types": ["t"]}