{"initial_reset_timestamp": 1737305279.0025961, "timestamps": [1737305305.5592017], "episode_lengths": [8019], "episode_rewards": [139.0], "episode_types": ["t"]}