{"initial_reset_timestamp": 1737302477.2510784, "timestamps": [1737302503.6274393], "episode_lengths": [8019], "episode_rewards": [-455.0], "episode_types": ["t"]}