{"initial_reset_timestamp": 1737301148.4631379, "timestamps": [1737301149.0275555], "episode_lengths": [166], "episode_rewards": [230.0], "episode_types": ["t"]}