{"initial_reset_timestamp": 1737308518.256031, "timestamps": [1737308544.0595732], "episode_lengths": [8019], "episode_rewards": [-21.0], "episode_types": ["t"]}