{"initial_reset_timestamp": 1737302530.5682678, "timestamps": [1737302556.0986514], "episode_lengths": [8019], "episode_rewards": [-455.0], "episode_types": ["t"]}