{"initial_reset_timestamp": 1737302378.567766, "timestamps": [1737302403.9331315], "episode_lengths": [8019], "episode_rewards": [-402.0], "episode_types": ["t"]}