{"initial_reset_timestamp": 1737301917.6211782, "timestamps": [1737301919.476891], "episode_lengths": [544], "episode_rewards": [-11.0], "episode_types": ["t"]}