{"initial_reset_timestamp": 1737301186.6245434, "timestamps": [1737301187.2226315], "episode_lengths": [166], "episode_rewards": [230.0], "episode_types": ["t"]}