{"initial_reset_timestamp": 1737304745.1570358, "timestamps": [1737304770.0694487], "episode_lengths": [8019], "episode_rewards": [-455.0], "episode_types": ["t"]}