{"initial_reset_timestamp": 1737304567.6371994, "timestamps": [1737304592.7049139], "episode_lengths": [8019], "episode_rewards": [47.0], "episode_types": ["t"]}