{"initial_reset_timestamp": 1737304616.549598, "timestamps": [1737304641.8795826], "episode_lengths": [8019], "episode_rewards": [139.0], "episode_types": ["t"]}