{"initial_reset_timestamp": 1737303869.642996, "timestamps": [1737303897.5261009], "episode_lengths": [8019], "episode_rewards": [-188.0], "episode_types": ["t"]}