{"initial_reset_timestamp": 1737303683.366316, "timestamps": [1737303709.714815], "episode_lengths": [8019], "episode_rewards": [139.0], "episode_types": ["t"]}