{"initial_reset_timestamp": 1737301795.6448853, "timestamps": [1737301824.5608158], "episode_lengths": [8019], "episode_rewards": [-415.0], "episode_types": ["t"]}