{"initial_reset_timestamp": 1737308338.4522457, "timestamps": [1737308365.0018477], "episode_lengths": [8019], "episode_rewards": [-455.0], "episode_types": ["t"]}