{"initial_reset_timestamp": 1737312358.5494747, "timestamps": [1737312600.8888235], "episode_lengths": [7784], "episode_rewards": [2732.0], "episode_types": ["t"]}