{"initial_reset_timestamp": 1737302568.4806917, "timestamps": [1737302594.9954634], "episode_lengths": [8019], "episode_rewards": [-305.0], "episode_types": ["t"]}