{"initial_reset_timestamp": 1737306933.9178746, "timestamps": [1737306934.851282], "episode_lengths": [252], "episode_rewards": [176.0], "episode_types": ["t"]}