{"initial_reset_timestamp": 1737304018.3657653, "timestamps": [1737304043.3093367], "episode_lengths": [8019], "episode_rewards": [-455.0], "episode_types": ["t"]}