{"initial_reset_timestamp": 1737302918.8257072, "timestamps": [1737302945.2874749], "episode_lengths": [8019], "episode_rewards": [139.0], "episode_types": ["t"]}