{"initial_reset_timestamp": 1737308368.1944675, "timestamps": [1737308394.1074142], "episode_lengths": [8019], "episode_rewards": [-435.0], "episode_types": ["t"]}