{"initial_reset_timestamp": 1737303943.329681, "timestamps": [1737303944.6292076], "episode_lengths": [358], "episode_rewards": [627.0], "episode_types": ["t"]}