{"initial_reset_timestamp": 1737302706.7782874, "timestamps": [1737302733.8304832], "episode_lengths": [8019], "episode_rewards": [-455.0], "episode_types": ["t"]}