{"initial_reset_timestamp": 1737304858.1432633, "timestamps": [1737304859.8456576], "episode_lengths": [520], "episode_rewards": [11.0], "episode_types": ["t"]}