{"initial_reset_timestamp": 1737312675.4410272, "timestamps": [1737312676.2988794], "episode_lengths": [246], "episode_rewards": [162.0], "episode_types": ["t"]}