{"initial_reset_timestamp": 1737303100.9267266, "timestamps": [1737303103.1581655], "episode_lengths": [644], "episode_rewards": [635.0], "episode_types": ["t"]}