{"initial_reset_timestamp": 1737303906.5047274, "timestamps": [1737303932.049285], "episode_lengths": [8019], "episode_rewards": [-21.0], "episode_types": ["t"]}