{"initial_reset_timestamp": 1737301603.6764555, "timestamps": [1737301629.4322083], "episode_lengths": [8019], "episode_rewards": [-342.0], "episode_types": ["t"]}