{"initial_reset_timestamp": 1737301176.0295568, "timestamps": [1737301176.5992932], "episode_lengths": [166], "episode_rewards": [230.0], "episode_types": ["t"]}