{"initial_reset_timestamp": 1737303031.1156282, "timestamps": [1737303031.6697593], "episode_lengths": [148], "episode_rewards": [239.0], "episode_types": ["t"]}