{"initial_reset_timestamp": 1737301966.8368604, "timestamps": [1737301992.5848472], "episode_lengths": [8019], "episode_rewards": [-21.0], "episode_types": ["t"]}