{"initial_reset_timestamp": 1737302226.886903, "timestamps": [1737302252.2929313], "episode_lengths": [8019], "episode_rewards": [-405.0], "episode_types": ["t"]}