{"initial_reset_timestamp": 1737303447.0714886, "timestamps": [1737303475.3476043], "episode_lengths": [8019], "episode_rewards": [139.0], "episode_types": ["t"]}