{"initial_reset_timestamp": 1737301525.5135033, "timestamps": [1737301554.6848462], "episode_lengths": [8019], "episode_rewards": [-413.0], "episode_types": ["t"]}