{"initial_reset_timestamp": 1737308331.686806, "timestamps": [1737308332.5162125], "episode_lengths": [218], "episode_rewards": [195.0], "episode_types": ["t"]}