{"initial_reset_timestamp": 1737303608.2689812, "timestamps": [1737303608.762437], "episode_lengths": [138], "episode_rewards": [238.0], "episode_types": ["t"]}