{"initial_reset_timestamp": 1737302045.4632668, "timestamps": [1737302047.3186386], "episode_lengths": [552], "episode_rewards": [-16.0], "episode_types": ["t"]}