{"initial_reset_timestamp": 1737308484.889925, "timestamps": [1737308511.6919785], "episode_lengths": [8019], "episode_rewards": [139.0], "episode_types": ["t"]}