{"initial_reset_timestamp": 1737308396.689302, "timestamps": [1737308422.2767582], "episode_lengths": [8019], "episode_rewards": [-410.0], "episode_types": ["t"]}