{"initial_reset_timestamp": 1737302876.5454285, "timestamps": [1737302877.1740015], "episode_lengths": [180], "episode_rewards": [244.0], "episode_types": ["t"]}