{"initial_reset_timestamp": 1737305209.0815094, "timestamps": [1737305209.8215027], "episode_lengths": [190], "episode_rewards": [225.0], "episode_types": ["t"]}