{"initial_reset_timestamp": 1737305177.9372964, "timestamps": [1737305202.9982057], "episode_lengths": [8000], "episode_rewards": [226.0], "episode_types": ["t"]}