{"initial_reset_timestamp": 1737308452.9832752, "timestamps": [1737308453.807754], "episode_lengths": [198], "episode_rewards": [234.0], "episode_types": ["t"]}