{"initial_reset_timestamp": 1737304830.643935, "timestamps": [1737304855.800505], "episode_lengths": [8019], "episode_rewards": [-444.0], "episode_types": ["t"]}