{"initial_reset_timestamp": 1737303580.905599, "timestamps": [1737303582.4992478], "episode_lengths": [468], "episode_rewards": [602.0], "episode_types": ["t"]}