{"initial_reset_timestamp": 1737304783.389986, "timestamps": [1737304783.892511], "episode_lengths": [136], "episode_rewards": [247.0], "episode_types": ["t"]}