{"initial_reset_timestamp": 1737301866.337452, "timestamps": [1737301897.286959], "episode_lengths": [8019], "episode_rewards": [-21.0], "episode_types": ["t"]}