{"initial_reset_timestamp": 1737301194.128176, "timestamps": [1737301194.742899], "episode_lengths": [166], "episode_rewards": [230.0], "episode_types": ["t"]}